Name;Left base;Right base;Covariation score;E-value;Substitutions;Power
50A;15;145;106.0585;0.0412;192;1
50A;16;141;236.0131;4.41218E-12;208;1
50A;18;139;297.75846;5.89671E-17;237;1
50A;19;135;292.407;1.63269E-16;255;1
50A;20;134;364.8201;2.82098E-22;318;1
50A;23;133;473.72871;6.22691E-31;288;1
50A;24;132;430.17138;1.8589E-27;243;1
50A;26;29;108.34586;0.0285242;125;1
50A;26;55;119.62335;0.00436984;126;1
50A;27;57;139.08987;0.000149289;102;0.98
50A;28;56;375.8103;3.8378E-23;112;0.99
50A;29;55;519.19264;1.44357E-34;141;1
50A;30;54;181.30489;8.48794E-08;121;1
50A;30;107;118.72703;0.00503885;169;1
50A;33;110;249.25948;4.08251E-13;168;1
50A;54;107;119.25409;0.00458246;170;1
50A;60;100;150.64399;1.99933E-05;264;1
50A;61;99;155.22487;8.64427E-06;317;1
50A;62;79;153.40549;1.22126E-05;265;1
50A;62;95;106.35456;0.0393561;253;1
50A;62;96;160.18843;3.72851E-06;282;1
50A;64;78;235.37054;5.13536E-12;197;1
50A;65;77;529.265;2.27088E-35;191;1
50A;111;131;443.54202;1.58662E-28;237;1
50A;113;130;658.45244;1.08758E-45;321;1
50A;114;129;656.97344;1.40682E-45;249;1
50A;115;128;369.27099;1.30994E-22;147;1
50B;12;139;221.65741;3.51114E-06;186;1
50B;13;134;328.63563;1.79123E-10;210;1
50B;14;133;296.87291;3.38134E-09;226;1
50B;15;131;446.36198;3.44516E-15;250;1
50B;16;130;514.47009;6.42765E-18;306;1
50B;17;129;440.68147;5.86455E-15;283;1
50B;18;128;437.04262;8.1978E-15;264;1
50B;20;47;145.67914;0.00400519;137;1
50B;22;49;188.13664;7.80539E-05;98;0.97
50B;23;48;544.39655;4.07829E-19;83;0.95
50B;24;47;717.98422;4.63458E-26;140;1
50B;25;45;221.67531;3.51114E-06;143;1
50B;52;71;290.46192;6.10996E-09;298;1
50B;53;70;590.12884;6.02653E-21;268;1
50B;54;69;901.12788;2.13751E-33;232;1
50B;56;68;589.91375;6.1464E-21;162;1
50B;57;67;616.23873;5.45307E-22;207;1
50B;63;66;124.70408;0.028009;142;1
50B;101;127;133.57736;0.0121614;250;1
50B;102;126;413.01831;7.44897E-14;274;1
50B;104;124;626.82528;2.03715E-22;232;1
50B;108;123;271.67084;3.46633E-08;136;1
50C;16;145;139.97036;0.00259747;167;1
50C;17;144;344.99736;1.92823E-12;218;1
50C;18;143;358.0577;5.08287E-13;235;1
50C;22;142;400.31068;6.58006E-15;284;1
50C;23;141;369.05448;1.6414E-13;325;1
50C;24;138;342.2449;2.5766E-12;281;1
50C;25;137;337.55526;4.09706E-12;253;1
50C;27;32;128.27755;0.00884657;138;1
50C;27;36;122.98859;0.0149681;138;1
50C;27;57;130.85346;0.00680224;131;1
50C;28;59;178.9201;0.000048148;105;0.98
50C;31;58;470.79476;4.84405E-18;93;0.96
50C;32;57;711.93031;9.32552E-29;155;1
50C;36;56;163.39748;0.000238421;151;1
50C;39;110;268.38225;4.98717E-09;153;1
50C;43;48;116.12941;0.0311011;243;1
50C;63;97;144.52295;0.0016293;316;1
50C;64;95;342.37542;2.50298E-12;298;1
50C;65;94;636.64246;2.06341E-25;237;1
50C;66;93;397.38025;9.05023E-15;178;1
50C;67;78;443.10022;8.28281E-17;208;1
50C;67;92;354.53959;7.19715E-13;236;1
50C;112;135;245.13437;5.38397E-08;236;1
50C;113;134;586.69837;3.47192E-23;281;1
50C;114;133;621.02178;1.0145E-24;233;1
50C;115;132;410.37069;2.38664E-15;146;1
50D;23;164;196.80652;3.18132E-05;186;1
50D;24;161;307.24153;2.19822E-09;214;1
50D;25;160;503.42797;9.65892E-17;228;1
50D;26;159;543.22995;3.09205E-18;263;1
50D;27;158;409.56566;3.18611E-13;308;1
50D;28;156;292.12333;8.18835E-09;278;1
50D;28;157;140.07846;0.00451952;310;1
50D;29;155;323.20496;5.4593E-10;274;1
50D;32;36;140.62261;0.00425707;154;1
50D;32;58;129.08213;0.0117928;154;1
50D;34;60;125.61374;0.0162503;103;0.98
50D;35;59;447.31472;1.21214E-14;123;1
50D;36;58;491.09116;2.77736E-16;180;1
50D;38;57;183.85274;9.81085E-05;160;1
50D;40;124;118.57226;0.0302944;192;1
50D;65;95;282.88508;1.796E-08;270;1
50D;66;94;395.85716;1.03163E-12;229;1
50D;67;93;290.9153;9.03294E-09;162;1
50D;73;92;454.44926;6.60832E-15;203;1
50D;128;154;496.90673;1.70319E-16;246;1
50D;130;152;609.51465;1.02669E-20;311;1
50D;135;151;710.29233;1.7545E-24;249;1
50D;136;150;417.06645;1.66978E-13;154;1
50E;10;165;221.14245;1.12671E-06;227;1
50E;11;164;230.19468;4.39289E-07;228;1
50E;12;163;191.72719;2.36667E-05;259;1
50E;13;162;199.94666;9.88476E-06;278;1
50E;14;161;125.90131;0.0195301;240;1
50E;15;158;220.26172;1.20228E-06;237;1
50E;28;166;121.70116;0.0293652;200;1
50E;41;163;143.01152;0.00342773;262;1
50E;44;159;144.86463;0.0028319;290;1
50E;49;70;123.46987;0.0251067;96;0.97
50E;52;68;152.98969;0.00123554;163;1
50E;54;67;139.35083;0.00501892;156;1
50E;54;127;124.48177;0.0228514;150;1
50E;58;129;152.12954;0.00135984;175;1
50E;75;95;151.95291;0.00140398;267;1
50E;81;94;240.02136;1.55196E-07;257;1
50E;81;111;165.59475;0.000343057;280;1
50E;83;93;165.85265;0.000332218;200;1
50E;84;92;178.66934;8.88553E-05;220;1
50E;84;109;130.7208;0.0121765;227;1
50E;130;157;483.73154;1.29491E-18;261;1
50E;132;156;631.19718;2.41194E-25;294;1
50E;135;154;596.4392;9.3211E-24;208;1
50E;136;153;358.37715;6.73091E-13;145;1
50F;22;158;139.35477;0.00163498;165;1
50F;23;157;170.0282;4.18651E-05;199;1
50F;24;148;163.92848;8.62627E-05;253;1
50F;24;156;143.7292;0.000973896;211;1
50F;27;145;119.58794;0.0166782;305;1
50F;32;66;130.969;0.00434274;128;1
50F;33;65;370.89341;1.44261E-15;113;0.99
50F;35;64;458.25926;3.93842E-20;169;1
50F;36;63;186.36655;6.0157E-06;148;1
50F;36;116;112.02039;0.0403409;191;1
50F;40;118;216.2133;1.69561E-07;150;1
50F;73;111;150.33855;0.000434574;294;1
50F;75;110;167.03068;6.09746E-05;323;1
50F;76;92;273.41207;1.7714E-10;276;1
50F;76;109;201.23419;1.02574E-06;297;1
50F;77;91;173.06663;2.95841E-05;189;1
50F;80;89;249.44142;3.15998E-09;233;1
50F;80;98;292.08599;1.88094E-11;252;1
50F;120;141;243.59552;6.35154E-09;232;1
50F;120;149;112.69207;0.0381113;197;1
50F;121;140;517.79751;3.07131E-23;283;1
50F;123;139;528.70672;8.24764E-24;223;1
50F;124;138;407.25316;1.8117E-17;141;1
50G;4;160;113.26461;0.0319797;170;1
50G;5;152;119.19646;0.0155739;169;1
50G;5;159;310.42469;5.1041E-13;195;1
50G;6;151;153.70501;0.000205738;189;1
50G;6;158;331.83607;3.37835E-14;213;1
50G;7;150;130.28189;0.00388673;206;1
50G;7;157;319.7119;1.56779E-13;235;1
50G;8;149;135.9192;0.00193692;246;1
50G;8;156;316.82236;2.30094E-13;271;1
50G;9;148;444.47402;2.07905E-20;253;1
50G;10;146;260.93013;2.72548E-10;219;1
50G;13;54;121.9311;0.0110156;126;1
50G;14;52;156.86698;0.00014077;132;1
50G;15;51;131.40412;0.00336217;181;1
50G;24;51;123.64052;0.00899858;200;1
50G;44;74;187.72849;2.8704E-06;185;1
50G;46;73;133.29174;0.00266575;128;1
50G;60;87;143.16961;0.000786335;234;1
50G;61;86;138.59551;0.00136666;225;1
50G;63;116;118.17817;0.0174772;150;1
50G;78;109;305.67615;9.48427E-13;268;1
50G;79;108;397.33891;8.15053E-18;264;1
50G;81;107;419.35567;5.06488E-19;241;1
50G;84;106;326.06799;7.06641E-14;218;1
50G;86;101;370.50073;2.51022E-16;276;1
50G;118;145;278.14957;3.07848E-11;249;1
50G;119;144;496.02183;2.92648E-23;290;1
50G;120;143;424.05163;2.72246E-19;243;1
50G;121;142;237.01866;5.6575E-09;118;1
50H;10;163;153.04362;0.00037061;147;1
50H;11;162;445.90859;4.64921E-20;200;1
50H;12;161;471.18257;1.93536E-21;216;1
50H;13;160;513.0999;9.87746E-24;258;1
50H;14;158;249.34133;2.31773E-09;239;1
50H;14;159;199.41063;1.15304E-06;283;1
50H;15;157;460.57807;7.2381E-21;288;1
50H;16;154;341.15237;2.37091E-14;247;1
50H;20;61;126.13249;0.0100872;158;1
50H;68;98;122.85998;0.0149494;253;1
50H;69;115;124.52438;0.0122813;225;1
50H;70;97;425.69328;5.86952E-19;255;1
50H;71;96;576.04781;3.5874E-27;207;1
50H;71;114;114.239;0.0424665;213;1
50H;72;95;182.98574;8.87372E-06;160;1
50H;73;94;410.73465;3.76667E-18;205;1
50H;79;123;120.03007;0.0207342;180;1
50H;92;123;121.04866;0.0187975;167;1
50H;125;152;329.03037;1.08231E-13;218;1
50H;126;151;234.84869;1.42336E-08;281;1
50H;128;151;244.14115;4.3903E-09;268;1
50H;130;150;424.35597;6.95034E-19;243;1
50H;131;148;171.04539;3.98578E-05;138;1
50I;16;156;275.59326;1.26451E-11;152;1
50I;17;155;590.74498;5.77506E-30;192;1
50I;24;154;511.78171;2.3195E-25;202;1
50I;27;153;445.28324;1.75934E-21;238;1
50I;28;150;541.84187;4.13311E-27;307;1
50I;29;148;574.04842;5.54551E-29;261;1
50I;30;147;463.94537;1.43483E-22;245;1
50I;32;38;113.55734;0.0256111;133;1
50I;34;62;149.60536;0.000231178;93;0.96
50I;35;61;384.62769;5.88403E-18;96;0.97
50I;38;60;529.05863;2.25322E-26;148;1
50I;43;59;174.6588;8.50912E-06;123;1
50I;43;115;158.79515;7.10675E-05;165;1
50I;45;119;255.693;1.82714E-10;175;1
50I;59;115;166.26564;2.59314E-05;154;1
50I;65;88;163.34439;3.80183E-05;278;1
50I;65;108;180.37391;4.09171E-06;302;1
50I;66;87;249.28681;4.24415E-10;243;1
50I;66;107;136.28789;0.00134768;238;1
50I;68;86;336.98769;3.47083E-15;144;1
50I;69;85;556.90571;5.51511E-28;193;1
50I;79;81;120.9855;0.00987173;168;1
50I;82;83;109.24415;0.0455192;125;1
50I;120;145;382.64852;7.53151E-18;215;1
50I;121;144;472.1526;4.80223E-23;298;1
50I;123;143;546.08373;2.34829E-27;248;1
50I;125;139;367.42073;5.82135E-17;133;1
50I;127;137;154.19984;0.000128223;112;0.99
50J;12;157;179.27693;0.000183687;176;1
50J;13;156;382.08888;3.65665E-12;213;1
50J;14;155;311.79127;1.69269E-09;257;1
50J;15;154;308.26023;2.32828E-09;288;1
50J;15;155;136.21267;0.0079139;279;1
50J;16;149;128.1204;0.0158822;305;1
50J;16;150;138.51857;0.00648554;307;1
50J;18;148;134.60556;0.00909702;297;1
50J;18;149;212.2642;1.02279E-05;302;1
50J;20;147;206.13038;1.75132E-05;267;1
50J;22;26;143.26598;0.00426973;128;1
50J;23;59;145.08147;0.00364112;118;1
50J;24;58;353.8255;4.32748E-11;109;0.99
50J;26;57;561.96805;5.31449E-19;150;1
50J;30;56;192.75848;5.67212E-05;141;1
50J;32;119;119.40822;0.0345082;165;1
50J;37;39;190.07286;7.06148E-05;240;1
50J;61;106;254.6657;2.51496E-07;314;1
50J;63;104;331.52373;3.0503E-10;313;1
50J;65;103;330.18192;3.43769E-10;282;1
50J;66;85;182.73968;0.00013625;206;1
50J;66;102;117.60916;0.0396644;149;1
50J;68;84;507.49924;6.22505E-17;207;1
50J;120;146;211.42296;1.10762E-05;282;1
50J;122;145;298.61068;5.37634E-09;272;1
50J;122;146;181.81605;0.000147549;285;1
50J;124;144;316.81652;1.09193E-09;233;1
50J;126;143;376.93398;5.6687E-12;143;1
