Sequence %;Left base;Right base;Covariation score;E-value;Substitutions;Power
10;9;58;138;8.95643E-09;12;0.4
10;10;57;105;0.000023452;14;0.46
10;11;56;124;2.85E-07;21;0.62
10;12;55;89;1.20E-03;39;0.82
10;13;54;93.12123;0.00041242;60;0.9
10;68;82;99.61517;9.15693E-05;8;0.25
10;69;81;88.27405;0.00129695;28;0.73
20;108;134;146.22382;0.000376898;48;0.86
20;110;132;136.09839;0.00149735;53;0.88
20;144;162;124.34021;0.00697593;40;0.83
20;145;161;191.92214;7.13257E-07;25;0.69
20;146;160;128.69636;0.00394672;67;0.91
30;9;64;188.88702;3.85953E-05;28;0.73
30;10;63;138.02819;0.0213778;30;0.75
30;11;62;211.32425;2.12049E-06;65;0.91
30;12;61;165.4459;0.000773681;75;0.93
30;13;60;135.95125;0.0273829;136;1
30;73;105;152.78618;0.0037357;51;0.87
30;74;100;205.04533;4.85179E-06;38;0.82
30;75;99;172.18881;0.000322307;74;0.93
40;9;132;369.11311;1.25475E-05;30;0.75
40;10;131;212.63715;0.0257094;29;0.74
40;11;130;393.3641;3.76087E-06;81;0.94
40;12;129;235.66983;0.00852184;104;0.98
40;13;128;230.8041;0.0107435;172;1
40;141;159;295.61339;0.000458163;69;0.92
40;142;158;334.44426;6.81902E-05;51;0.87
40;143;157;326.48462;0.000102277;81;0.94
50;9;79;531.81682;3.23774E-11;27;0.71
50;10;78;410.81922;1.2284E-07;31;0.76
50;11;77;578.23415;1.35984E-12;78;0.94
50;12;76;431.03822;3.06903E-08;116;1
50;13;75;334.77973;2.05467E-05;186;1
50;89;105;388.96226;5.33442E-07;77;0.93
50;90;104;320.70843;5.30552E-05;104;0.98
60;9;53;399.1562;1.60928E-14;79;0.94
60;10;52;247.18669;7.26246E-05;83;0.95
60;11;51;444.51876;1.75218E-17;124;1
60;12;50;236.65481;0.00032262;171;1
60;13;49;214.35513;0.00667501;236;1
60;63;97;216.68984;0.00490175;173;1
60;64;96;276.74824;1.05377E-06;132;1
60;65;95;295.03513;7.65991E-08;170;1
70;101;139;637.43101;1.61881E-10;84;0.95
70;102;138;389.94343;0.000109797;75;0.93
70;103;137;590.20253;2.05533E-09;129;1
70;104;136;428.75717;1.32597E-05;157;1
70;105;135;326.18684;0.00363012;234;1
70;149;204;446.40873;5.18632E-06;70;0.92
70;150;203;442.15058;6.55785E-06;125;1
70;217;218;286.68033;0.0316011;96;0.97
80;17;86;861.0426;3.03986E-17;54;0.88
80;18;85;562.8994;4.42715E-09;52;0.88
80;19;84;791.85349;2.47781E-15;108;0.99
80;20;83;386.21334;0.000242359;165;1
80;21;82;343.66845;0.00313343;250;1
80;96;126;500.17123;2.18394E-07;132;1
80;97;125;433.07588;0.000014;186;1
90;60;224;464.07659;0.00124967;26;0.7
90;63;111;770.43526;4.06747E-09;116;1
90;64;110;534.07264;6.93771E-05;103;0.98
90;65;109;853.27952;1.32046E-10;167;1
90;66;108;573.41046;1.36291E-05;262;1
90;67;107;462.42202;0.00130006;333;1
90;121;218;660.7653;3.80736E-07;108;0.99
90;231;232;384.80457;0.0315457;121;1
100;7;222;535.31539;0.0233177;10;0.33
100;9;95;1240.08455;2.65534E-08;35;0.79
100;10;94;899.81359;0.000020992;25;0.69
100;11;93;1395.13744;1.21883E-09;78;0.94
100;12;92;1264.69791;1.61279E-08;169;1
100;13;91;1067.9396;7.79447E-07;332;1
100;14;90;643.99328;0.00297675;386;1
100;98;227;500.81433;0.0444988;9;0.29
100;105;217;819.87376;9.99888E-05;106;0.98
100;106;216;1238.48333;2.70138E-08;45;0.85
100;107;215;1174.48701;9.62953E-08;170;1
